갯수,주소
1,4e7145d6456c7003552e678c9e8629d996e6f20acc42
1,4e7145d6456c7003552e678c9e8629d996e6f20acc42
1,4e7145d6456c7003552e678c9e8629d996e6f20acc42
1,4e7145d6456c7003552e678c9e8629d996e6f20acc42
1,4e7145d6456c7003552e678c9e8629d996e6f20acc42
1,4e7145d6456c7003552e678c9e8629d996e6f20acc42
1,4e7145d6456c7003552e678c9e8629d996e6f20acc42
1,4e7145d6456c7003552e678c9e8629d996e6f20acc42
1,4e7145d6456c7003552e678c9e8629d996e6f20acc42
1,4e7145d6456c7003552e678c9e8629d996e6f20acc42
1,4e7145d6456c7003552e678c9e8629d996e6f20acc42